[
    {
        "fields": {
            "model": "logentry",
            "name": "log entry",
            "app_label": "admin"
        },
        "model": "contenttypes.contenttype",
        "pk": 1
    },
    {
        "fields": {
            "model": "permission",
            "name": "permission",
            "app_label": "auth"
        },
        "model": "contenttypes.contenttype",
        "pk": 2
    },
    {
        "fields": {
            "model": "group",
            "name": "group",
            "app_label": "auth"
        },
        "model": "contenttypes.contenttype",
        "pk": 3
    },
    {
        "fields": {
            "model": "contenttype",
            "name": "content type",
            "app_label": "contenttypes"
        },
        "model": "contenttypes.contenttype",
        "pk": 4
    },
    {
        "fields": {
            "model": "session",
            "name": "session",
            "app_label": "sessions"
        },
        "model": "contenttypes.contenttype",
        "pk": 5
    },
    {
        "fields": {
            "model": "source",
            "name": "source",
            "app_label": "easy_thumbnails"
        },
        "model": "contenttypes.contenttype",
        "pk": 6
    },
    {
        "fields": {
            "model": "thumbnail",
            "name": "thumbnail",
            "app_label": "easy_thumbnails"
        },
        "model": "contenttypes.contenttype",
        "pk": 7
    },
    {
        "fields": {
            "model": "thumbnaildimensions",
            "name": "thumbnail dimensions",
            "app_label": "easy_thumbnails"
        },
        "model": "contenttypes.contenttype",
        "pk": 8
    },
    {
        "fields": {
            "model": "city",
            "name": "city",
            "app_label": "community"
        },
        "model": "contenttypes.contenttype",
        "pk": 9
    },
    {
        "fields": {
            "model": "university",
            "name": "university",
            "app_label": "community"
        },
        "model": "contenttypes.contenttype",
        "pk": 10
    },
    {
        "fields": {
            "model": "universitydepartment",
            "name": "university department",
            "app_label": "community"
        },
        "model": "contenttypes.contenttype",
        "pk": 11
    },
    {
        "fields": {
            "model": "subject",
            "name": "subject",
            "app_label": "community"
        },
        "model": "contenttypes.contenttype",
        "pk": 12
    },
    {
        "fields": {
            "model": "group",
            "name": "group",
            "app_label": "community"
        },
        "model": "contenttypes.contenttype",
        "pk": 13
    },
    {
        "fields": {
            "model": "person",
            "name": "person",
            "app_label": "community"
        },
        "model": "contenttypes.contenttype",
        "pk": 14
    },
    {
        "fields": {
            "model": "branch",
            "name": "branch",
            "app_label": "community"
        },
        "model": "contenttypes.contenttype",
        "pk": 15
    },
    {
        "fields": {
            "model": "company",
            "name": "company",
            "app_label": "community"
        },
        "model": "contenttypes.contenttype",
        "pk": 16
    },
    {
        "fields": {
            "model": "employment",
            "name": "employment",
            "app_label": "community"
        },
        "model": "contenttypes.contenttype",
        "pk": 17
    },
    {
        "fields": {
            "model": "student",
            "name": "student",
            "app_label": "community"
        },
        "model": "contenttypes.contenttype",
        "pk": 18
    },
    {
        "fields": {
            "model": "teacherlearnyears",
            "name": "teacher learn years",
            "app_label": "community"
        },
        "model": "contenttypes.contenttype",
        "pk": 19
    },
    {
        "fields": {
            "model": "attribute",
            "name": "attribute",
            "app_label": "community"
        },
        "model": "contenttypes.contenttype",
        "pk": 20
    },
    {
        "fields": {
            "model": "personaldata",
            "name": "personal data",
            "app_label": "community"
        },
        "model": "contenttypes.contenttype",
        "pk": 21
    },
    {
        "fields": {
            "model": "invitation",
            "name": "invitation",
            "app_label": "community"
        },
        "model": "contenttypes.contenttype",
        "pk": 22
    },
    {
        "fields": {
            "model": "user",
            "name": "user",
            "app_label": "accounts"
        },
        "model": "contenttypes.contenttype",
        "pk": 23
    },
    {
        "fields": {
            "model": "registrationprofile",
            "name": "registration profile",
            "app_label": "accounts"
        },
        "model": "contenttypes.contenttype",
        "pk": 24
    },
    {
        "fields": {
            "model": "claim",
            "name": "claim",
            "app_label": "accounts"
        },
        "model": "contenttypes.contenttype",
        "pk": 25
    },
    {
        "fields": {
            "expire_date": "2015-04-05T21:48:18.518Z",
            "session_data": "ZTg0MzFlNTRlNmNmNmZjZjkyNzYyYjUxZTc5MjYyZjljMTVjZTJhMDp7Il9hdXRoX3VzZXJfYmFja2VuZCI6ImRqYW5nby5jb250cmliLmF1dGguYmFja2VuZHMuTW9kZWxCYWNrZW5kIiwiX2F1dGhfdXNlcl9oYXNoIjoiMjhlNTE0M2RkM2EwMGYyNGIyYzlmNjc1MjJiN2M5OWQ1YjI0NDAzZiIsIl9hdXRoX3VzZXJfaWQiOjMsIl9zZXNzaW9uX2V4cGlyeSI6MH0="
        },
        "model": "sessions.session",
        "pk": "zs43rw5ihe6278l2wgf3dxe8k0xc4819"
    },
    {
        "fields": {
            "latitude": 50.06,
            "is_verified": true,
            "name": "Krak\u00f3w",
            "longitude": 19.93
        },
        "model": "community.city",
        "pk": 1
    },
    {
        "fields": {
            "latitude": 51.5,
            "is_verified": true,
            "name": "Londyn",
            "longitude": -0.13
        },
        "model": "community.city",
        "pk": 2
    },
    {
        "fields": {
            "latitude": 52.23,
            "is_verified": true,
            "name": "Warszawa",
            "longitude": 21.0
        },
        "model": "community.city",
        "pk": 3
    },
    {
        "fields": {
            "latitude": 49.82,
            "is_verified": true,
            "name": "Bielsko-Bia\u0142a",
            "longitude": 19.04
        },
        "model": "community.city",
        "pk": 4
    },
    {
        "fields": {
            "latitude": 51.1,
            "is_verified": true,
            "name": "Wroc\u0142aw",
            "longitude": 17.03
        },
        "model": "community.city",
        "pk": 5
    },
    {
        "fields": {
            "latitude": 50.29,
            "is_verified": true,
            "name": "Gliwice",
            "longitude": 18.66
        },
        "model": "community.city",
        "pk": 6
    },
    {
        "fields": {
            "acronym": "AGH",
            "city": 1,
            "is_verified": true,
            "name": "Akademia G\u00f3rniczo Hutnicza w Krakowie"
        },
        "model": "community.university",
        "pk": 1
    },
    {
        "fields": {
            "acronym": "",
            "city": 6,
            "is_verified": true,
            "name": "Politechnika \u015al\u0105ska w Gliwicach"
        },
        "model": "community.university",
        "pk": 2
    },
    {
        "fields": {
            "acronym": "LSE",
            "city": 2,
            "is_verified": true,
            "name": "London School of Economics"
        },
        "model": "community.university",
        "pk": 3
    },
    {
        "fields": {
            "acronym": "UWr",
            "city": 5,
            "is_verified": true,
            "name": "Uniwersytet Wroc\u0142awski"
        },
        "model": "community.university",
        "pk": 4
    },
    {
        "fields": {
            "acronym": "UJ",
            "city": 1,
            "is_verified": true,
            "name": "Uniwersytet Jagiello\u0144ski w Krakowie"
        },
        "model": "community.university",
        "pk": 5
    },
    {
        "fields": {
            "acronym": null,
            "university": 1,
            "is_verified": false,
            "name": "Informatyki, Elektroniki i Telekomunikacji"
        },
        "model": "community.universitydepartment",
        "pk": 1
    },
    {
        "fields": {
            "acronym": "mat",
            "name_brand": "matematyki",
            "name": "matematyka",
            "short_name": "matemat."
        },
        "model": "community.subject",
        "pk": 1
    },
    {
        "fields": {
            "acronym": "NIEM",
            "name_brand": "j\u0119zyka niemieckiego",
            "name": "j\u0119zyk niemiecki",
            "short_name": "j. niemiecki"
        },
        "model": "community.subject",
        "pk": 2
    },
    {
        "fields": {
            "acronym": "POL",
            "name_brand": "j\u0119zyka polskiego",
            "name": "j\u0119zyk polski",
            "short_name": "j. polski"
        },
        "model": "community.subject",
        "pk": 3
    },
    {
        "fields": {
            "acronym": "FIZ",
            "name_brand": "fizyki",
            "name": "fizyka",
            "short_name": "fizyka"
        },
        "model": "community.subject",
        "pk": 4
    },
    {
        "fields": {
            "acronym": "INF",
            "name_brand": "informatyki",
            "name": "informatyka",
            "short_name": "inform."
        },
        "model": "community.subject",
        "pk": 5
    },
    {
        "fields": {
            "first_year": 2011,
            "tutor": 17,
            "symbol": "B",
            "is_graduated": true,
            "last_year": 2014
        },
        "model": "community.group",
        "pk": 1
    },
    {
        "fields": {
            "first_year": 2011,
            "tutor": 18,
            "symbol": "D",
            "is_graduated": true,
            "last_year": 2014
        },
        "model": "community.group",
        "pk": 2
    },
    {
        "fields": {
            "first_year": 2011,
            "tutor": 13,
            "symbol": "C",
            "is_graduated": true,
            "last_year": 2014
        },
        "model": "community.group",
        "pk": 3
    },
    {
        "fields": {
            "first_year": 2011,
            "tutor": 1,
            "symbol": "A",
            "is_graduated": true,
            "last_year": 2014
        },
        "model": "community.group",
        "pk": 4
    },
    {
        "fields": {
            "first_year": 2012,
            "tutor": 14,
            "symbol": "A",
            "is_graduated": false,
            "last_year": 2015
        },
        "model": "community.group",
        "pk": 5
    },
    {
        "fields": {
            "first_year": 2009,
            "tutor": 1,
            "symbol": "A",
            "is_graduated": true,
            "last_year": 2013
        },
        "model": "community.group",
        "pk": 6
    },
    {
        "fields": {
            "first_year": 2010,
            "tutor": 13,
            "symbol": "C",
            "is_graduated": true,
            "last_year": 2012
        },
        "model": "community.group",
        "pk": 7
    },
    {
        "fields": {
            "first_year": 2009,
            "tutor": 15,
            "symbol": "A",
            "is_graduated": true,
            "last_year": 2012
        },
        "model": "community.group",
        "pk": 8
    },
    {
        "fields": {
            "picture": "",
            "first_name": "Adam",
            "last_name": "Kowalski",
            "group": null,
            "description": "",
            "allow_invitation": true,
            "married_name": "",
            "sex": 1,
            "subjects": []
        },
        "model": "community.person",
        "pk": 1
    },
    {
        "fields": {
            "picture": "",
            "first_name": "Maja",
            "last_name": "Borzemska",
            "group": 1,
            "description": "",
            "allow_invitation": true,
            "married_name": "",
            "sex": 2,
            "subjects": []
        },
        "model": "community.person",
        "pk": 2
    },
    {
        "fields": {
            "picture": "",
            "first_name": "Marcin",
            "last_name": "Gusty\u0144ski",
            "group": 1,
            "description": "",
            "allow_invitation": true,
            "married_name": "",
            "sex": 1,
            "subjects": []
        },
        "model": "community.person",
        "pk": 3
    },
    {
        "fields": {
            "picture": "",
            "first_name": "Micha\u0142",
            "last_name": "Sadowski",
            "group": 1,
            "description": "",
            "allow_invitation": true,
            "married_name": "",
            "sex": 1,
            "subjects": []
        },
        "model": "community.person",
        "pk": 4
    },
    {
        "fields": {
            "picture": "",
            "first_name": "Pawe\u0142",
            "last_name": "Balon",
            "group": 1,
            "description": "",
            "allow_invitation": true,
            "married_name": "",
            "sex": 1,
            "subjects": []
        },
        "model": "community.person",
        "pk": 5
    },
    {
        "fields": {
            "picture": "",
            "first_name": "Katarzyna",
            "last_name": "B\u0142aszczak",
            "group": 1,
            "description": "",
            "allow_invitation": true,
            "married_name": "",
            "sex": 2,
            "subjects": []
        },
        "model": "community.person",
        "pk": 6
    },
    {
        "fields": {
            "picture": "",
            "first_name": "Maja",
            "last_name": "Janusz",
            "group": 1,
            "description": "",
            "allow_invitation": true,
            "married_name": "",
            "sex": 2,
            "subjects": []
        },
        "model": "community.person",
        "pk": 7
    },
    {
        "fields": {
            "picture": "",
            "first_name": "Alicja",
            "last_name": "Glinka",
            "group": 1,
            "description": "",
            "allow_invitation": true,
            "married_name": "",
            "sex": 2,
            "subjects": []
        },
        "model": "community.person",
        "pk": 8
    },
    {
        "fields": {
            "picture": "",
            "first_name": "Piotr",
            "last_name": "Czajkowski",
            "group": 1,
            "description": "",
            "allow_invitation": true,
            "married_name": "",
            "sex": 1,
            "subjects": []
        },
        "model": "community.person",
        "pk": 9
    },
    {
        "fields": {
            "picture": "",
            "first_name": "\u0141ukasz",
            "last_name": "Grochala",
            "group": 4,
            "description": "",
            "allow_invitation": true,
            "married_name": "",
            "sex": 1,
            "subjects": []
        },
        "model": "community.person",
        "pk": 10
    },
    {
        "fields": {
            "picture": "",
            "first_name": "Edyta",
            "last_name": "Bulowska",
            "group": 4,
            "description": "",
            "allow_invitation": true,
            "married_name": "",
            "sex": 2,
            "subjects": []
        },
        "model": "community.person",
        "pk": 11
    },
    {
        "fields": {
            "picture": "",
            "first_name": "Jakub",
            "last_name": "Borgosz",
            "group": 4,
            "description": "",
            "allow_invitation": true,
            "married_name": "",
            "sex": 1,
            "subjects": []
        },
        "model": "community.person",
        "pk": 12
    },
    {
        "fields": {
            "picture": "",
            "first_name": "W\u0142odzimierz",
            "last_name": "Raczek",
            "group": null,
            "description": "",
            "allow_invitation": true,
            "married_name": "",
            "sex": 1,
            "subjects": [5]
        },
        "model": "community.person",
        "pk": 13
    },
    {
        "fields": {
            "picture": "",
            "first_name": "Krzysztof",
            "last_name": "Krawet",
            "group": null,
            "description": "",
            "allow_invitation": true,
            "married_name": "",
            "sex": 1,
            "subjects": [1]
        },
        "model": "community.person",
        "pk": 14
    },
    {
        "fields": {
            "picture": "",
            "first_name": "El\u017cbieta",
            "last_name": "Sza\u0142ajko",
            "group": null,
            "description": "",
            "allow_invitation": true,
            "married_name": "",
            "sex": 2,
            "subjects": [2]
        },
        "model": "community.person",
        "pk": 15
    },
    {
        "fields": {
            "picture": "",
            "first_name": "Tomasz",
            "last_name": "Chojna",
            "group": 2,
            "description": "",
            "allow_invitation": true,
            "married_name": "",
            "sex": 1,
            "subjects": []
        },
        "model": "community.person",
        "pk": 16
    },
    {
        "fields": {
            "picture": "",
            "first_name": "Ewa",
            "last_name": "Gajda",
            "group": null,
            "description": "",
            "allow_invitation": true,
            "married_name": "",
            "sex": 2,
            "subjects": [4]
        },
        "model": "community.person",
        "pk": 17
    },
    {
        "fields": {
            "picture": "",
            "first_name": "Lucyna",
            "last_name": "Barzycka",
            "group": null,
            "description": "",
            "allow_invitation": true,
            "married_name": "",
            "sex": 2,
            "subjects": [3]
        },
        "model": "community.person",
        "pk": 18
    },
    {
        "fields": {
            "picture": "",
            "first_name": "S\u0142awomir",
            "last_name": "Mucha",
            "group": 1,
            "description": "Przyk\u0142adowy opis dla mnie.",
            "allow_invitation": true,
            "married_name": "",
            "sex": 1,
            "subjects": []
        },
        "model": "community.person",
        "pk": 19
    },
    {
        "fields": {
            "name": "Informatyka"
        },
        "model": "community.branch",
        "pk": 1
    },
    {
        "fields": {
            "name": "Telekomunikacja"
        },
        "model": "community.branch",
        "pk": 2
    },
    {
        "fields": {
            "name": "Ekonomia"
        },
        "model": "community.branch",
        "pk": 3
    },
    {
        "fields": {
            "name": "SkyGate"
        },
        "model": "community.company",
        "pk": 1
    },
    {
        "fields": {
            "city": 1,
            "end": null,
            "name": "Python Developer",
            "start": "2014-05-01",
            "company": 1,
            "person": 19,
            "branch": 1
        },
        "model": "community.employment",
        "pk": 1
    },
    {
        "fields": {
            "school": "Informatyka",
            "end": "2019-08-01",
            "start": "2015-10-01",
            "university": 1,
            "person": 19,
            "department": 1
        },
        "model": "community.student",
        "pk": 1
    },
    {
        "fields": {
            "school": "Informatyka Analityczna",
            "end": "2019-06-01",
            "start": "2014-10-01",
            "university": 5,
            "person": 5,
            "department": 1
        },
        "model": "community.student",
        "pk": 2
    },
    {
        "fields": {
            "school": "Informatyka",
            "end": "2019-06-01",
            "start": "2014-10-01",
            "university": 1,
            "person": 4,
            "department": 1
        },
        "model": "community.student",
        "pk": 3
    },
    {
        "fields": {
            "person": 17,
            "to_year": null,
            "from_year": 1992
        },
        "model": "community.teacherlearnyears",
        "pk": 1
    },
    {
        "fields": {
            "person": 13,
            "to_year": null,
            "from_year": 1990
        },
        "model": "community.teacherlearnyears",
        "pk": 2
    },
    {
        "fields": {
            "person": 18,
            "to_year": null,
            "from_year": 2000
        },
        "model": "community.teacherlearnyears",
        "pk": 3
    },
    {
        "fields": {
            "person": 14,
            "to_year": null,
            "from_year": 2007
        },
        "model": "community.teacherlearnyears",
        "pk": 4
    },
    {
        "fields": {
            "person": 15,
            "to_year": null,
            "from_year": 2014
        },
        "model": "community.teacherlearnyears",
        "pk": 5
    },
    {
        "fields": {
            "display_order": 2,
            "name": "Telefon",
            "data_type": 1
        },
        "model": "community.attribute",
        "pk": 1
    },
    {
        "fields": {
            "display_order": 1,
            "name": "E-mail",
            "data_type": 0
        },
        "model": "community.attribute",
        "pk": 2
    },
    {
        "fields": {
            "created": "2015-03-22T21:41:32.512Z",
            "attribute": 2,
            "modified": "2015-03-22T21:41:32.540Z",
            "value": "mucha.slawomir@gmail.com",
            "person": 19,
            "is_public": true
        },
        "model": "community.personaldata",
        "pk": 1
    },
    {
        "fields": {
            "created": "2015-03-22T21:44:01.741Z",
            "attribute": 1,
            "modified": "2015-03-22T21:44:01.748Z",
            "value": "123 456 789",
            "person": 4,
            "is_public": true
        },
        "model": "community.personaldata",
        "pk": 2
    },
    {
        "fields": {
            "codename": "add_logentry",
            "name": "Can add log entry",
            "content_type": 1
        },
        "model": "auth.permission",
        "pk": 1
    },
    {
        "fields": {
            "codename": "change_logentry",
            "name": "Can change log entry",
            "content_type": 1
        },
        "model": "auth.permission",
        "pk": 2
    },
    {
        "fields": {
            "codename": "delete_logentry",
            "name": "Can delete log entry",
            "content_type": 1
        },
        "model": "auth.permission",
        "pk": 3
    },
    {
        "fields": {
            "codename": "add_permission",
            "name": "Can add permission",
            "content_type": 2
        },
        "model": "auth.permission",
        "pk": 4
    },
    {
        "fields": {
            "codename": "change_permission",
            "name": "Can change permission",
            "content_type": 2
        },
        "model": "auth.permission",
        "pk": 5
    },
    {
        "fields": {
            "codename": "delete_permission",
            "name": "Can delete permission",
            "content_type": 2
        },
        "model": "auth.permission",
        "pk": 6
    },
    {
        "fields": {
            "codename": "add_group",
            "name": "Can add group",
            "content_type": 3
        },
        "model": "auth.permission",
        "pk": 7
    },
    {
        "fields": {
            "codename": "change_group",
            "name": "Can change group",
            "content_type": 3
        },
        "model": "auth.permission",
        "pk": 8
    },
    {
        "fields": {
            "codename": "delete_group",
            "name": "Can delete group",
            "content_type": 3
        },
        "model": "auth.permission",
        "pk": 9
    },
    {
        "fields": {
            "codename": "add_contenttype",
            "name": "Can add content type",
            "content_type": 4
        },
        "model": "auth.permission",
        "pk": 10
    },
    {
        "fields": {
            "codename": "change_contenttype",
            "name": "Can change content type",
            "content_type": 4
        },
        "model": "auth.permission",
        "pk": 11
    },
    {
        "fields": {
            "codename": "delete_contenttype",
            "name": "Can delete content type",
            "content_type": 4
        },
        "model": "auth.permission",
        "pk": 12
    },
    {
        "fields": {
            "codename": "add_session",
            "name": "Can add session",
            "content_type": 5
        },
        "model": "auth.permission",
        "pk": 13
    },
    {
        "fields": {
            "codename": "change_session",
            "name": "Can change session",
            "content_type": 5
        },
        "model": "auth.permission",
        "pk": 14
    },
    {
        "fields": {
            "codename": "delete_session",
            "name": "Can delete session",
            "content_type": 5
        },
        "model": "auth.permission",
        "pk": 15
    },
    {
        "fields": {
            "codename": "add_source",
            "name": "Can add source",
            "content_type": 6
        },
        "model": "auth.permission",
        "pk": 16
    },
    {
        "fields": {
            "codename": "change_source",
            "name": "Can change source",
            "content_type": 6
        },
        "model": "auth.permission",
        "pk": 17
    },
    {
        "fields": {
            "codename": "delete_source",
            "name": "Can delete source",
            "content_type": 6
        },
        "model": "auth.permission",
        "pk": 18
    },
    {
        "fields": {
            "codename": "add_thumbnail",
            "name": "Can add thumbnail",
            "content_type": 7
        },
        "model": "auth.permission",
        "pk": 19
    },
    {
        "fields": {
            "codename": "change_thumbnail",
            "name": "Can change thumbnail",
            "content_type": 7
        },
        "model": "auth.permission",
        "pk": 20
    },
    {
        "fields": {
            "codename": "delete_thumbnail",
            "name": "Can delete thumbnail",
            "content_type": 7
        },
        "model": "auth.permission",
        "pk": 21
    },
    {
        "fields": {
            "codename": "add_thumbnaildimensions",
            "name": "Can add thumbnail dimensions",
            "content_type": 8
        },
        "model": "auth.permission",
        "pk": 22
    },
    {
        "fields": {
            "codename": "change_thumbnaildimensions",
            "name": "Can change thumbnail dimensions",
            "content_type": 8
        },
        "model": "auth.permission",
        "pk": 23
    },
    {
        "fields": {
            "codename": "delete_thumbnaildimensions",
            "name": "Can delete thumbnail dimensions",
            "content_type": 8
        },
        "model": "auth.permission",
        "pk": 24
    },
    {
        "fields": {
            "codename": "add_city",
            "name": "Can add city",
            "content_type": 9
        },
        "model": "auth.permission",
        "pk": 25
    },
    {
        "fields": {
            "codename": "change_city",
            "name": "Can change city",
            "content_type": 9
        },
        "model": "auth.permission",
        "pk": 26
    },
    {
        "fields": {
            "codename": "delete_city",
            "name": "Can delete city",
            "content_type": 9
        },
        "model": "auth.permission",
        "pk": 27
    },
    {
        "fields": {
            "codename": "add_university",
            "name": "Can add university",
            "content_type": 10
        },
        "model": "auth.permission",
        "pk": 28
    },
    {
        "fields": {
            "codename": "change_university",
            "name": "Can change university",
            "content_type": 10
        },
        "model": "auth.permission",
        "pk": 29
    },
    {
        "fields": {
            "codename": "delete_university",
            "name": "Can delete university",
            "content_type": 10
        },
        "model": "auth.permission",
        "pk": 30
    },
    {
        "fields": {
            "codename": "add_universitydepartment",
            "name": "Can add university department",
            "content_type": 11
        },
        "model": "auth.permission",
        "pk": 31
    },
    {
        "fields": {
            "codename": "change_universitydepartment",
            "name": "Can change university department",
            "content_type": 11
        },
        "model": "auth.permission",
        "pk": 32
    },
    {
        "fields": {
            "codename": "delete_universitydepartment",
            "name": "Can delete university department",
            "content_type": 11
        },
        "model": "auth.permission",
        "pk": 33
    },
    {
        "fields": {
            "codename": "add_subject",
            "name": "Can add subject",
            "content_type": 12
        },
        "model": "auth.permission",
        "pk": 34
    },
    {
        "fields": {
            "codename": "change_subject",
            "name": "Can change subject",
            "content_type": 12
        },
        "model": "auth.permission",
        "pk": 35
    },
    {
        "fields": {
            "codename": "delete_subject",
            "name": "Can delete subject",
            "content_type": 12
        },
        "model": "auth.permission",
        "pk": 36
    },
    {
        "fields": {
            "codename": "add_group",
            "name": "Can add group",
            "content_type": 13
        },
        "model": "auth.permission",
        "pk": 37
    },
    {
        "fields": {
            "codename": "change_group",
            "name": "Can change group",
            "content_type": 13
        },
        "model": "auth.permission",
        "pk": 38
    },
    {
        "fields": {
            "codename": "delete_group",
            "name": "Can delete group",
            "content_type": 13
        },
        "model": "auth.permission",
        "pk": 39
    },
    {
        "fields": {
            "codename": "add_person",
            "name": "Can add person",
            "content_type": 14
        },
        "model": "auth.permission",
        "pk": 40
    },
    {
        "fields": {
            "codename": "change_person",
            "name": "Can change person",
            "content_type": 14
        },
        "model": "auth.permission",
        "pk": 41
    },
    {
        "fields": {
            "codename": "delete_person",
            "name": "Can delete person",
            "content_type": 14
        },
        "model": "auth.permission",
        "pk": 42
    },
    {
        "fields": {
            "codename": "add_branch",
            "name": "Can add branch",
            "content_type": 15
        },
        "model": "auth.permission",
        "pk": 43
    },
    {
        "fields": {
            "codename": "change_branch",
            "name": "Can change branch",
            "content_type": 15
        },
        "model": "auth.permission",
        "pk": 44
    },
    {
        "fields": {
            "codename": "delete_branch",
            "name": "Can delete branch",
            "content_type": 15
        },
        "model": "auth.permission",
        "pk": 45
    },
    {
        "fields": {
            "codename": "add_company",
            "name": "Can add company",
            "content_type": 16
        },
        "model": "auth.permission",
        "pk": 46
    },
    {
        "fields": {
            "codename": "change_company",
            "name": "Can change company",
            "content_type": 16
        },
        "model": "auth.permission",
        "pk": 47
    },
    {
        "fields": {
            "codename": "delete_company",
            "name": "Can delete company",
            "content_type": 16
        },
        "model": "auth.permission",
        "pk": 48
    },
    {
        "fields": {
            "codename": "add_employment",
            "name": "Can add employment",
            "content_type": 17
        },
        "model": "auth.permission",
        "pk": 49
    },
    {
        "fields": {
            "codename": "change_employment",
            "name": "Can change employment",
            "content_type": 17
        },
        "model": "auth.permission",
        "pk": 50
    },
    {
        "fields": {
            "codename": "delete_employment",
            "name": "Can delete employment",
            "content_type": 17
        },
        "model": "auth.permission",
        "pk": 51
    },
    {
        "fields": {
            "codename": "add_student",
            "name": "Can add student",
            "content_type": 18
        },
        "model": "auth.permission",
        "pk": 52
    },
    {
        "fields": {
            "codename": "change_student",
            "name": "Can change student",
            "content_type": 18
        },
        "model": "auth.permission",
        "pk": 53
    },
    {
        "fields": {
            "codename": "delete_student",
            "name": "Can delete student",
            "content_type": 18
        },
        "model": "auth.permission",
        "pk": 54
    },
    {
        "fields": {
            "codename": "add_teacherlearnyears",
            "name": "Can add teacher learn years",
            "content_type": 19
        },
        "model": "auth.permission",
        "pk": 55
    },
    {
        "fields": {
            "codename": "change_teacherlearnyears",
            "name": "Can change teacher learn years",
            "content_type": 19
        },
        "model": "auth.permission",
        "pk": 56
    },
    {
        "fields": {
            "codename": "delete_teacherlearnyears",
            "name": "Can delete teacher learn years",
            "content_type": 19
        },
        "model": "auth.permission",
        "pk": 57
    },
    {
        "fields": {
            "codename": "add_attribute",
            "name": "Can add attribute",
            "content_type": 20
        },
        "model": "auth.permission",
        "pk": 58
    },
    {
        "fields": {
            "codename": "change_attribute",
            "name": "Can change attribute",
            "content_type": 20
        },
        "model": "auth.permission",
        "pk": 59
    },
    {
        "fields": {
            "codename": "delete_attribute",
            "name": "Can delete attribute",
            "content_type": 20
        },
        "model": "auth.permission",
        "pk": 60
    },
    {
        "fields": {
            "codename": "add_personaldata",
            "name": "Can add personal data",
            "content_type": 21
        },
        "model": "auth.permission",
        "pk": 61
    },
    {
        "fields": {
            "codename": "change_personaldata",
            "name": "Can change personal data",
            "content_type": 21
        },
        "model": "auth.permission",
        "pk": 62
    },
    {
        "fields": {
            "codename": "delete_personaldata",
            "name": "Can delete personal data",
            "content_type": 21
        },
        "model": "auth.permission",
        "pk": 63
    },
    {
        "fields": {
            "codename": "add_invitation",
            "name": "Can add invitation",
            "content_type": 22
        },
        "model": "auth.permission",
        "pk": 64
    },
    {
        "fields": {
            "codename": "change_invitation",
            "name": "Can change invitation",
            "content_type": 22
        },
        "model": "auth.permission",
        "pk": 65
    },
    {
        "fields": {
            "codename": "delete_invitation",
            "name": "Can delete invitation",
            "content_type": 22
        },
        "model": "auth.permission",
        "pk": 66
    },
    {
        "fields": {
            "codename": "add_user",
            "name": "Can add user",
            "content_type": 23
        },
        "model": "auth.permission",
        "pk": 67
    },
    {
        "fields": {
            "codename": "change_user",
            "name": "Can change user",
            "content_type": 23
        },
        "model": "auth.permission",
        "pk": 68
    },
    {
        "fields": {
            "codename": "delete_user",
            "name": "Can delete user",
            "content_type": 23
        },
        "model": "auth.permission",
        "pk": 69
    },
    {
        "fields": {
            "codename": "add_registrationprofile",
            "name": "Can add registration profile",
            "content_type": 24
        },
        "model": "auth.permission",
        "pk": 70
    },
    {
        "fields": {
            "codename": "change_registrationprofile",
            "name": "Can change registration profile",
            "content_type": 24
        },
        "model": "auth.permission",
        "pk": 71
    },
    {
        "fields": {
            "codename": "delete_registrationprofile",
            "name": "Can delete registration profile",
            "content_type": 24
        },
        "model": "auth.permission",
        "pk": 72
    },
    {
        "fields": {
            "codename": "add_claim",
            "name": "Can add claim",
            "content_type": 25
        },
        "model": "auth.permission",
        "pk": 73
    },
    {
        "fields": {
            "codename": "change_claim",
            "name": "Can change claim",
            "content_type": 25
        },
        "model": "auth.permission",
        "pk": 74
    },
    {
        "fields": {
            "codename": "delete_claim",
            "name": "Can delete claim",
            "content_type": 25
        },
        "model": "auth.permission",
        "pk": 75
    },
    {
        "fields": {
            "first_name": "",
            "last_name": "",
            "description": null,
            "person": null,
            "is_active": true,
            "is_superuser": true,
            "is_staff": true,
            "last_login": "2015-03-22T21:45:55.881Z",
            "groups": [],
            "user_permissions": [],
            "password": "pbkdf2_sha256$15000$WkRDukqixfN9$M8x4lS18UU90fz5gs8ILMKG2U5mIdSEt1/iHm2mN7+Y=",
            "email": "admin@graduates.com",
            "date_joined": "2015-03-22T20:02:42.617Z"
        },
        "model": "accounts.user",
        "pk": 1
    },
    {
        "fields": {
            "first_name": "Micha\u0142",
            "last_name": "Sadowski",
            "description": "",
            "person": 4,
            "is_active": true,
            "is_superuser": true,
            "is_staff": false,
            "last_login": "2015-03-22T21:24:36Z",
            "groups": [],
            "user_permissions": [],
            "password": "pbkdf2_sha256$15000$WkRDukqixfN9$M8x4lS18UU90fz5gs8ILMKG2U5mIdSEt1/iHm2mN7+Y=",
            "email": "michal@sadowski.pl",
            "date_joined": "2015-03-22T21:24:36Z"
        },
        "model": "accounts.user",
        "pk": 2
    },
    {
        "fields": {
            "first_name": "S\u0142awomir",
            "last_name": "Mucha",
            "description": "",
            "person": 19,
            "is_active": true,
            "is_superuser": true,
            "is_staff": false,
            "last_login": "2015-03-22T21:48:18.507Z",
            "groups": [],
            "user_permissions": [],
            "password": "pbkdf2_sha256$15000$WkRDukqixfN9$M8x4lS18UU90fz5gs8ILMKG2U5mIdSEt1/iHm2mN7+Y=",
            "email": "mucha.slawomir@gmail.com",
            "date_joined": "2015-03-22T21:27:23Z"
        },
        "model": "accounts.user",
        "pk": 3
    },
    {
        "fields": {
            "action_flag": 1,
            "action_time": "2015-03-22T20:13:45.746Z",
            "object_repr": "Krak\u00f3w",
            "object_id": "1",
            "change_message": "",
            "user": 1,
            "content_type": 9
        },
        "model": "admin.logentry",
        "pk": 1
    },
    {
        "fields": {
            "action_flag": 1,
            "action_time": "2015-03-22T20:14:03.699Z",
            "object_repr": "Londyn",
            "object_id": "2",
            "change_message": "",
            "user": 1,
            "content_type": 9
        },
        "model": "admin.logentry",
        "pk": 2
    },
    {
        "fields": {
            "action_flag": 1,
            "action_time": "2015-03-22T20:14:22.179Z",
            "object_repr": "Warszawa",
            "object_id": "3",
            "change_message": "",
            "user": 1,
            "content_type": 9
        },
        "model": "admin.logentry",
        "pk": 3
    },
    {
        "fields": {
            "action_flag": 1,
            "action_time": "2015-03-22T20:14:58.332Z",
            "object_repr": "Bielsko-Bia\u0142a",
            "object_id": "4",
            "change_message": "",
            "user": 1,
            "content_type": 9
        },
        "model": "admin.logentry",
        "pk": 4
    },
    {
        "fields": {
            "action_flag": 1,
            "action_time": "2015-03-22T20:15:17.414Z",
            "object_repr": "Wroc\u0142aw",
            "object_id": "5",
            "change_message": "",
            "user": 1,
            "content_type": 9
        },
        "model": "admin.logentry",
        "pk": 5
    },
    {
        "fields": {
            "action_flag": 1,
            "action_time": "2015-03-22T20:15:40.722Z",
            "object_repr": "Gliwice",
            "object_id": "6",
            "change_message": "",
            "user": 1,
            "content_type": 9
        },
        "model": "admin.logentry",
        "pk": 6
    },
    {
        "fields": {
            "action_flag": 1,
            "action_time": "2015-03-22T20:54:02.538Z",
            "object_repr": "Adam Kowalski",
            "object_id": "1",
            "change_message": "",
            "user": 1,
            "content_type": 14
        },
        "model": "admin.logentry",
        "pk": 7
    },
    {
        "fields": {
            "action_flag": 1,
            "action_time": "2015-03-22T20:54:32.800Z",
            "object_repr": "Maja Borzemska",
            "object_id": "2",
            "change_message": "",
            "user": 1,
            "content_type": 14
        },
        "model": "admin.logentry",
        "pk": 8
    },
    {
        "fields": {
            "action_flag": 1,
            "action_time": "2015-03-22T20:54:43.515Z",
            "object_repr": "Marcin Gusty\u0144ski",
            "object_id": "3",
            "change_message": "",
            "user": 1,
            "content_type": 14
        },
        "model": "admin.logentry",
        "pk": 9
    },
    {
        "fields": {
            "action_flag": 1,
            "action_time": "2015-03-22T20:54:55.982Z",
            "object_repr": "Micha\u0142 Sadowski",
            "object_id": "4",
            "change_message": "",
            "user": 1,
            "content_type": 14
        },
        "model": "admin.logentry",
        "pk": 10
    },
    {
        "fields": {
            "action_flag": 1,
            "action_time": "2015-03-22T20:55:04.312Z",
            "object_repr": "Pawe\u0142 Balon",
            "object_id": "5",
            "change_message": "",
            "user": 1,
            "content_type": 14
        },
        "model": "admin.logentry",
        "pk": 11
    },
    {
        "fields": {
            "action_flag": 1,
            "action_time": "2015-03-22T20:55:18.706Z",
            "object_repr": "Katarzyna B\u0142aszczak",
            "object_id": "6",
            "change_message": "",
            "user": 1,
            "content_type": 14
        },
        "model": "admin.logentry",
        "pk": 12
    },
    {
        "fields": {
            "action_flag": 1,
            "action_time": "2015-03-22T20:55:36.027Z",
            "object_repr": "Maja Janusz",
            "object_id": "7",
            "change_message": "",
            "user": 1,
            "content_type": 14
        },
        "model": "admin.logentry",
        "pk": 13
    },
    {
        "fields": {
            "action_flag": 1,
            "action_time": "2015-03-22T20:55:46.738Z",
            "object_repr": "Alicja Glinka",
            "object_id": "8",
            "change_message": "",
            "user": 1,
            "content_type": 14
        },
        "model": "admin.logentry",
        "pk": 14
    },
    {
        "fields": {
            "action_flag": 1,
            "action_time": "2015-03-22T20:55:53.753Z",
            "object_repr": "Piotr Czajkowski",
            "object_id": "9",
            "change_message": "",
            "user": 1,
            "content_type": 14
        },
        "model": "admin.logentry",
        "pk": 15
    },
    {
        "fields": {
            "action_flag": 1,
            "action_time": "2015-03-22T20:57:16.988Z",
            "object_repr": "\u0141ukasz Grochala",
            "object_id": "10",
            "change_message": "",
            "user": 1,
            "content_type": 14
        },
        "model": "admin.logentry",
        "pk": 16
    },
    {
        "fields": {
            "action_flag": 1,
            "action_time": "2015-03-22T20:57:33.312Z",
            "object_repr": "Edyta Bulowska",
            "object_id": "11",
            "change_message": "",
            "user": 1,
            "content_type": 14
        },
        "model": "admin.logentry",
        "pk": 17
    },
    {
        "fields": {
            "action_flag": 1,
            "action_time": "2015-03-22T20:57:45.585Z",
            "object_repr": "Jakub Borgosz",
            "object_id": "12",
            "change_message": "",
            "user": 1,
            "content_type": 14
        },
        "model": "admin.logentry",
        "pk": 18
    },
    {
        "fields": {
            "action_flag": 2,
            "action_time": "2015-03-22T20:58:01.973Z",
            "object_repr": "Jakub Borgosz",
            "object_id": "12",
            "change_message": "Zmieniono sex",
            "user": 1,
            "content_type": 14
        },
        "model": "admin.logentry",
        "pk": 19
    },
    {
        "fields": {
            "action_flag": 1,
            "action_time": "2015-03-22T20:58:14.207Z",
            "object_repr": "W\u0142odzimierz Raczek",
            "object_id": "13",
            "change_message": "",
            "user": 1,
            "content_type": 14
        },
        "model": "admin.logentry",
        "pk": 20
    },
    {
        "fields": {
            "action_flag": 1,
            "action_time": "2015-03-22T20:58:26.229Z",
            "object_repr": "Krzysztof Krawet",
            "object_id": "14",
            "change_message": "",
            "user": 1,
            "content_type": 14
        },
        "model": "admin.logentry",
        "pk": 21
    },
    {
        "fields": {
            "action_flag": 1,
            "action_time": "2015-03-22T20:59:11.927Z",
            "object_repr": "El\u017cbieta Sza\u0142ajko",
            "object_id": "15",
            "change_message": "",
            "user": 1,
            "content_type": 14
        },
        "model": "admin.logentry",
        "pk": 22
    },
    {
        "fields": {
            "action_flag": 1,
            "action_time": "2015-03-22T20:59:24.310Z",
            "object_repr": "Tomasz Chojna",
            "object_id": "16",
            "change_message": "",
            "user": 1,
            "content_type": 14
        },
        "model": "admin.logentry",
        "pk": 23
    },
    {
        "fields": {
            "action_flag": 1,
            "action_time": "2015-03-22T20:59:47.628Z",
            "object_repr": "Ewa Gajda",
            "object_id": "17",
            "change_message": "",
            "user": 1,
            "content_type": 14
        },
        "model": "admin.logentry",
        "pk": 24
    },
    {
        "fields": {
            "action_flag": 1,
            "action_time": "2015-03-22T21:00:14.670Z",
            "object_repr": "Lucyna Barzycka",
            "object_id": "18",
            "change_message": "",
            "user": 1,
            "content_type": 14
        },
        "model": "admin.logentry",
        "pk": 25
    },
    {
        "fields": {
            "action_flag": 1,
            "action_time": "2015-03-22T21:00:46.864Z",
            "object_repr": "Informatyka",
            "object_id": "1",
            "change_message": "",
            "user": 1,
            "content_type": 15
        },
        "model": "admin.logentry",
        "pk": 26
    },
    {
        "fields": {
            "action_flag": 1,
            "action_time": "2015-03-22T21:00:54.873Z",
            "object_repr": "Telekomunikacja",
            "object_id": "2",
            "change_message": "",
            "user": 1,
            "content_type": 15
        },
        "model": "admin.logentry",
        "pk": 27
    },
    {
        "fields": {
            "action_flag": 1,
            "action_time": "2015-03-22T21:01:05.205Z",
            "object_repr": "Ekonomia",
            "object_id": "3",
            "change_message": "",
            "user": 1,
            "content_type": 15
        },
        "model": "admin.logentry",
        "pk": 28
    },
    {
        "fields": {
            "action_flag": 1,
            "action_time": "2015-03-22T21:01:37.841Z",
            "object_repr": "Telefon",
            "object_id": "1",
            "change_message": "",
            "user": 1,
            "content_type": 20
        },
        "model": "admin.logentry",
        "pk": 29
    },
    {
        "fields": {
            "action_flag": 1,
            "action_time": "2015-03-22T21:01:46.623Z",
            "object_repr": "E-mail",
            "object_id": "2",
            "change_message": "",
            "user": 1,
            "content_type": 20
        },
        "model": "admin.logentry",
        "pk": 30
    },
    {
        "fields": {
            "action_flag": 1,
            "action_time": "2015-03-22T21:02:14.300Z",
            "object_repr": "B",
            "object_id": "1",
            "change_message": "",
            "user": 1,
            "content_type": 13
        },
        "model": "admin.logentry",
        "pk": 31
    },
    {
        "fields": {
            "action_flag": 1,
            "action_time": "2015-03-22T21:02:34.794Z",
            "object_repr": "D",
            "object_id": "2",
            "change_message": "",
            "user": 1,
            "content_type": 13
        },
        "model": "admin.logentry",
        "pk": 32
    },
    {
        "fields": {
            "action_flag": 1,
            "action_time": "2015-03-22T21:17:51.241Z",
            "object_repr": "C",
            "object_id": "3",
            "change_message": "",
            "user": 1,
            "content_type": 13
        },
        "model": "admin.logentry",
        "pk": 33
    },
    {
        "fields": {
            "action_flag": 1,
            "action_time": "2015-03-22T21:18:04.521Z",
            "object_repr": "A",
            "object_id": "4",
            "change_message": "",
            "user": 1,
            "content_type": 13
        },
        "model": "admin.logentry",
        "pk": 34
    },
    {
        "fields": {
            "action_flag": 1,
            "action_time": "2015-03-22T21:18:26.905Z",
            "object_repr": "A",
            "object_id": "5",
            "change_message": "",
            "user": 1,
            "content_type": 13
        },
        "model": "admin.logentry",
        "pk": 35
    },
    {
        "fields": {
            "action_flag": 1,
            "action_time": "2015-03-22T21:19:06.585Z",
            "object_repr": "matematyka",
            "object_id": "1",
            "change_message": "",
            "user": 1,
            "content_type": 12
        },
        "model": "admin.logentry",
        "pk": 36
    },
    {
        "fields": {
            "action_flag": 1,
            "action_time": "2015-03-22T21:19:21.415Z",
            "object_repr": "j\u0119zyk niemiecki",
            "object_id": "2",
            "change_message": "",
            "user": 1,
            "content_type": 12
        },
        "model": "admin.logentry",
        "pk": 37
    },
    {
        "fields": {
            "action_flag": 1,
            "action_time": "2015-03-22T21:19:39.823Z",
            "object_repr": "j\u0119zyk polski",
            "object_id": "3",
            "change_message": "",
            "user": 1,
            "content_type": 12
        },
        "model": "admin.logentry",
        "pk": 38
    },
    {
        "fields": {
            "action_flag": 1,
            "action_time": "2015-03-22T21:19:52.730Z",
            "object_repr": "fizyka",
            "object_id": "4",
            "change_message": "",
            "user": 1,
            "content_type": 12
        },
        "model": "admin.logentry",
        "pk": 39
    },
    {
        "fields": {
            "action_flag": 1,
            "action_time": "2015-03-22T21:20:04.275Z",
            "object_repr": "informatyka",
            "object_id": "5",
            "change_message": "",
            "user": 1,
            "content_type": 12
        },
        "model": "admin.logentry",
        "pk": 40
    },
    {
        "fields": {
            "action_flag": 1,
            "action_time": "2015-03-22T21:20:27.209Z",
            "object_repr": "1992 - obecnie",
            "object_id": "1",
            "change_message": "",
            "user": 1,
            "content_type": 19
        },
        "model": "admin.logentry",
        "pk": 41
    },
    {
        "fields": {
            "action_flag": 1,
            "action_time": "2015-03-22T21:20:36.427Z",
            "object_repr": "1990 - obecnie",
            "object_id": "2",
            "change_message": "",
            "user": 1,
            "content_type": 19
        },
        "model": "admin.logentry",
        "pk": 42
    },
    {
        "fields": {
            "action_flag": 1,
            "action_time": "2015-03-22T21:20:46.852Z",
            "object_repr": "2000 - obecnie",
            "object_id": "3",
            "change_message": "",
            "user": 1,
            "content_type": 19
        },
        "model": "admin.logentry",
        "pk": 43
    },
    {
        "fields": {
            "action_flag": 1,
            "action_time": "2015-03-22T21:20:53.511Z",
            "object_repr": "2007 - obecnie",
            "object_id": "4",
            "change_message": "",
            "user": 1,
            "content_type": 19
        },
        "model": "admin.logentry",
        "pk": 44
    },
    {
        "fields": {
            "action_flag": 1,
            "action_time": "2015-03-22T21:21:08.164Z",
            "object_repr": "2014 - obecnie",
            "object_id": "5",
            "change_message": "",
            "user": 1,
            "content_type": 19
        },
        "model": "admin.logentry",
        "pk": 45
    },
    {
        "fields": {
            "action_flag": 1,
            "action_time": "2015-03-22T21:21:39.364Z",
            "object_repr": "Akademia G\u00f3rniczo Hutnicza w Krakowie",
            "object_id": "1",
            "change_message": "",
            "user": 1,
            "content_type": 10
        },
        "model": "admin.logentry",
        "pk": 46
    },
    {
        "fields": {
            "action_flag": 1,
            "action_time": "2015-03-22T21:21:49.026Z",
            "object_repr": "Politechnika \u015al\u0105ska w Gliwicach",
            "object_id": "2",
            "change_message": "",
            "user": 1,
            "content_type": 10
        },
        "model": "admin.logentry",
        "pk": 47
    },
    {
        "fields": {
            "action_flag": 1,
            "action_time": "2015-03-22T21:22:10.846Z",
            "object_repr": "London School of Economics",
            "object_id": "3",
            "change_message": "",
            "user": 1,
            "content_type": 10
        },
        "model": "admin.logentry",
        "pk": 48
    },
    {
        "fields": {
            "action_flag": 1,
            "action_time": "2015-03-22T21:23:01.196Z",
            "object_repr": "Uniwersytet Wroc\u0142awski",
            "object_id": "4",
            "change_message": "",
            "user": 1,
            "content_type": 10
        },
        "model": "admin.logentry",
        "pk": 49
    },
    {
        "fields": {
            "action_flag": 2,
            "action_time": "2015-03-22T21:23:30.632Z",
            "object_repr": "W\u0142odzimierz Raczek",
            "object_id": "13",
            "change_message": "Zmieniono subjects",
            "user": 1,
            "content_type": 14
        },
        "model": "admin.logentry",
        "pk": 50
    },
    {
        "fields": {
            "action_flag": 2,
            "action_time": "2015-03-22T21:23:37.237Z",
            "object_repr": "Ewa Gajda",
            "object_id": "17",
            "change_message": "Zmieniono subjects",
            "user": 1,
            "content_type": 14
        },
        "model": "admin.logentry",
        "pk": 51
    },
    {
        "fields": {
            "action_flag": 2,
            "action_time": "2015-03-22T21:23:42.859Z",
            "object_repr": "El\u017cbieta Sza\u0142ajko",
            "object_id": "15",
            "change_message": "Zmieniono subjects",
            "user": 1,
            "content_type": 14
        },
        "model": "admin.logentry",
        "pk": 52
    },
    {
        "fields": {
            "action_flag": 2,
            "action_time": "2015-03-22T21:23:50.222Z",
            "object_repr": "Lucyna Barzycka",
            "object_id": "18",
            "change_message": "Zmieniono subjects",
            "user": 1,
            "content_type": 14
        },
        "model": "admin.logentry",
        "pk": 53
    },
    {
        "fields": {
            "action_flag": 2,
            "action_time": "2015-03-22T21:23:58.765Z",
            "object_repr": "Krzysztof Krawet",
            "object_id": "14",
            "change_message": "Zmieniono subjects",
            "user": 1,
            "content_type": 14
        },
        "model": "admin.logentry",
        "pk": 54
    },
    {
        "fields": {
            "action_flag": 1,
            "action_time": "2015-03-22T21:25:23.357Z",
            "object_repr": "michal@sadowski.pl",
            "object_id": "2",
            "change_message": "",
            "user": 1,
            "content_type": 23
        },
        "model": "admin.logentry",
        "pk": 55
    },
    {
        "fields": {
            "action_flag": 1,
            "action_time": "2015-03-22T21:25:43.415Z",
            "object_repr": "S\u0142awomir Mucha",
            "object_id": "19",
            "change_message": "",
            "user": 1,
            "content_type": 14
        },
        "model": "admin.logentry",
        "pk": 56
    },
    {
        "fields": {
            "action_flag": 2,
            "action_time": "2015-03-22T21:25:51.800Z",
            "object_repr": "Tomasz Chojna",
            "object_id": "16",
            "change_message": "Zmieniono group",
            "user": 1,
            "content_type": 14
        },
        "model": "admin.logentry",
        "pk": 57
    },
    {
        "fields": {
            "action_flag": 2,
            "action_time": "2015-03-22T21:26:01.142Z",
            "object_repr": "Jakub Borgosz",
            "object_id": "12",
            "change_message": "Zmieniono group",
            "user": 1,
            "content_type": 14
        },
        "model": "admin.logentry",
        "pk": 58
    },
    {
        "fields": {
            "action_flag": 2,
            "action_time": "2015-03-22T21:26:08.848Z",
            "object_repr": "Edyta Bulowska",
            "object_id": "11",
            "change_message": "Zmieniono group",
            "user": 1,
            "content_type": 14
        },
        "model": "admin.logentry",
        "pk": 59
    },
    {
        "fields": {
            "action_flag": 2,
            "action_time": "2015-03-22T21:26:15.686Z",
            "object_repr": "\u0141ukasz Grochala",
            "object_id": "10",
            "change_message": "Zmieniono group",
            "user": 1,
            "content_type": 14
        },
        "model": "admin.logentry",
        "pk": 60
    },
    {
        "fields": {
            "action_flag": 2,
            "action_time": "2015-03-22T21:26:22.362Z",
            "object_repr": "Piotr Czajkowski",
            "object_id": "9",
            "change_message": "Zmieniono group",
            "user": 1,
            "content_type": 14
        },
        "model": "admin.logentry",
        "pk": 61
    },
    {
        "fields": {
            "action_flag": 2,
            "action_time": "2015-03-22T21:26:28.163Z",
            "object_repr": "Alicja Glinka",
            "object_id": "8",
            "change_message": "Zmieniono group",
            "user": 1,
            "content_type": 14
        },
        "model": "admin.logentry",
        "pk": 62
    },
    {
        "fields": {
            "action_flag": 2,
            "action_time": "2015-03-22T21:26:33.854Z",
            "object_repr": "Maja Janusz",
            "object_id": "7",
            "change_message": "Zmieniono group",
            "user": 1,
            "content_type": 14
        },
        "model": "admin.logentry",
        "pk": 63
    },
    {
        "fields": {
            "action_flag": 2,
            "action_time": "2015-03-22T21:26:44.223Z",
            "object_repr": "Katarzyna B\u0142aszczak",
            "object_id": "6",
            "change_message": "Zmieniono group",
            "user": 1,
            "content_type": 14
        },
        "model": "admin.logentry",
        "pk": 64
    },
    {
        "fields": {
            "action_flag": 2,
            "action_time": "2015-03-22T21:26:50.661Z",
            "object_repr": "Pawe\u0142 Balon",
            "object_id": "5",
            "change_message": "Zmieniono group",
            "user": 1,
            "content_type": 14
        },
        "model": "admin.logentry",
        "pk": 65
    },
    {
        "fields": {
            "action_flag": 2,
            "action_time": "2015-03-22T21:26:55.940Z",
            "object_repr": "Micha\u0142 Sadowski",
            "object_id": "4",
            "change_message": "Zmieniono group",
            "user": 1,
            "content_type": 14
        },
        "model": "admin.logentry",
        "pk": 66
    },
    {
        "fields": {
            "action_flag": 2,
            "action_time": "2015-03-22T21:27:01.201Z",
            "object_repr": "Marcin Gusty\u0144ski",
            "object_id": "3",
            "change_message": "Zmieniono group",
            "user": 1,
            "content_type": 14
        },
        "model": "admin.logentry",
        "pk": 67
    },
    {
        "fields": {
            "action_flag": 2,
            "action_time": "2015-03-22T21:27:09.131Z",
            "object_repr": "Maja Borzemska",
            "object_id": "2",
            "change_message": "Zmieniono group",
            "user": 1,
            "content_type": 14
        },
        "model": "admin.logentry",
        "pk": 68
    },
    {
        "fields": {
            "action_flag": 1,
            "action_time": "2015-03-22T21:27:39.383Z",
            "object_repr": "mucha.slawomir@gmail.com",
            "object_id": "3",
            "change_message": "",
            "user": 1,
            "content_type": 23
        },
        "model": "admin.logentry",
        "pk": 69
    },
    {
        "fields": {
            "action_flag": 2,
            "action_time": "2015-03-22T21:28:28.523Z",
            "object_repr": "michal@sadowski.pl",
            "object_id": "2",
            "change_message": "Zmieniono password",
            "user": 1,
            "content_type": 23
        },
        "model": "admin.logentry",
        "pk": 70
    },
    {
        "fields": {
            "action_flag": 2,
            "action_time": "2015-03-22T21:28:34.498Z",
            "object_repr": "mucha.slawomir@gmail.com",
            "object_id": "3",
            "change_message": "Zmieniono password",
            "user": 1,
            "content_type": 23
        },
        "model": "admin.logentry",
        "pk": 71
    },
    {
        "fields": {
            "action_flag": 2,
            "action_time": "2015-03-22T21:29:48.380Z",
            "object_repr": "A",
            "object_id": "5",
            "change_message": "Zmieniono is_graduated",
            "user": 1,
            "content_type": 13
        },
        "model": "admin.logentry",
        "pk": 72
    },
    {
        "fields": {
            "action_flag": 1,
            "action_time": "2015-03-22T21:44:01.754Z",
            "object_repr": "PersonalData object",
            "object_id": "2",
            "change_message": "",
            "user": 1,
            "content_type": 21
        },
        "model": "admin.logentry",
        "pk": 73
    },
    {
        "fields": {
            "action_flag": 1,
            "action_time": "2015-03-22T21:44:27.043Z",
            "object_repr": "A",
            "object_id": "6",
            "change_message": "",
            "user": 1,
            "content_type": 13
        },
        "model": "admin.logentry",
        "pk": 74
    },
    {
        "fields": {
            "action_flag": 1,
            "action_time": "2015-03-22T21:44:44.174Z",
            "object_repr": "C",
            "object_id": "7",
            "change_message": "",
            "user": 1,
            "content_type": 13
        },
        "model": "admin.logentry",
        "pk": 75
    },
    {
        "fields": {
            "action_flag": 1,
            "action_time": "2015-03-22T21:45:01.607Z",
            "object_repr": "A",
            "object_id": "8",
            "change_message": "",
            "user": 1,
            "content_type": 13
        },
        "model": "admin.logentry",
        "pk": 76
    },
    {
        "fields": {
            "action_flag": 1,
            "action_time": "2015-03-22T21:46:10.811Z",
            "object_repr": "Uniwersytet Jagiello\u0144ski w Krakowie",
            "object_id": "5",
            "change_message": "",
            "user": 1,
            "content_type": 10
        },
        "model": "admin.logentry",
        "pk": 77
    },
    {
        "fields": {
            "action_flag": 1,
            "action_time": "2015-03-22T21:46:30.444Z",
            "object_repr": "Informatyka Analityczna",
            "object_id": "2",
            "change_message": "",
            "user": 1,
            "content_type": 11
        },
        "model": "admin.logentry",
        "pk": 78
    },
    {
        "fields": {
            "action_flag": 3,
            "action_time": "2015-03-22T21:46:44.893Z",
            "object_repr": "Informatyka Analityczna",
            "object_id": "2",
            "change_message": "",
            "user": 1,
            "content_type": 11
        },
        "model": "admin.logentry",
        "pk": 79
    },
    {
        "fields": {
            "action_flag": 1,
            "action_time": "2015-03-22T21:47:25.492Z",
            "object_repr": "Student object",
            "object_id": "2",
            "change_message": "",
            "user": 1,
            "content_type": 18
        },
        "model": "admin.logentry",
        "pk": 80
    },
    {
        "fields": {
            "action_flag": 1,
            "action_time": "2015-03-22T21:48:03.470Z",
            "object_repr": "Student object",
            "object_id": "3",
            "change_message": "",
            "user": 1,
            "content_type": 18
        },
        "model": "admin.logentry",
        "pk": 81
    }
]